{"cameraMode":{"drawMode":2,"name":"Shaded Wireframe","section":"Shading Mode"},"sceneLighting":true,"audioPlay":false,"sceneViewState":{"m_AlwaysRefresh":false,"showFog":true,"showSkybox":true,"showFlares":true,"showImageEffects":true,"showParticleSystems":true,"showVisualEffectGraphs":true,"m_FxEnabled":true},"in2DMode":false,"pivot":{"x":0.006744176149368286,"y":-0.04419831931591034,"z":0.0013949014246463776},"rotation":{"x":0.15383878350257874,"y":0.34692928194999697,"z":-0.05849194526672363,"w":0.9235008955001831},"size":0.22262296080589295,"orthographic":false}