{"cameraMode":{"drawMode":0,"name":"Shaded","section":"Shading Mode"},"sceneLighting":false,"audioPlay":false,"sceneViewState":{"m_AlwaysRefresh":false,"showFog":true,"showSkybox":false,"showFlares":true,"showImageEffects":true,"showParticleSystems":true,"showVisualEffectGraphs":true,"m_FxEnabled":true},"in2DMode":false,"pivot":{"x":0.03683895617723465,"y":0.019866760820150377,"z":-0.01580112800002098},"rotation":{"x":-0.0032969338353723289,"y":0.08748471736907959,"z":-0.00028961527277715504,"w":-0.9961609244346619},"size":0.19879736006259919,"orthographic":false}